{
	"class_name" : "PinholeCameraParameters",
	"extrinsic" : 
	[
		0.99979068013685113,
		-0.0065767252289067324,
		0.019373760521800121,
		0.0,
		0.006802910625703709,
		0.99990920258036076,
		-0.011632153804248197,
		0.0,
		-0.01929549995494511,
		0.011761516924719358,
		0.99974464259685747,
		0.0,
		-2.2428038070813412,
		-1.6331056595363209,
		1.7180064974261795,
		1.0
	],
	"intrinsic" : 
	{
		"height" : 398,
		"intrinsic_matrix" : 
		[
			344.67811070620661,
			0.0,
			0.0,
			0.0,
			344.67811070620661,
			0.0,
			323.0,
			198.5,
			1.0
		],
		"width" : 647
	},
	"version_major" : 1,
	"version_minor" : 0
}