{
	"class_name" : "PinholeCameraParameters",
	"extrinsic" : 
	[
		0.99300806962851862,
		-0.011817591415438615,
		0.11745347242964228,
		0.0,
		0.0043141245157923263,
		0.99794476440754865,
		0.063934619113784341,
		0.0,
		-0.11796763107863625,
		-0.062980883803739937,
		0.99101818666106967,
		0.0,
		-2.0692165188518965,
		-1.5012538483605855,
		1.3865975380282896,
		1.0
	],
	"intrinsic" : 
	{
		"height" : 398,
		"intrinsic_matrix" : 
		[
			344.67811070620661,
			0.0,
			0.0,
			0.0,
			344.67811070620661,
			0.0,
			323.0,
			198.5,
			1.0
		],
		"width" : 647
	},
	"version_major" : 1,
	"version_minor" : 0
}